rule,stress,condition,declines_reaching_threshold,flagged,median_delay_days,mean_delay_days,mean_delay_ci_lo,mean_delay_ci_hi,single_check_at_end_median_delay,installations_with_false_flag,installations
single flag,clean,full_cross,20,19,4.0,4.7894736842105265,3.8947368421052633,5.7894736842105265,30.0,0,24
single flag,clean,full_inverter,20,18,-7.5,-6.055555555555555,-12.833333333333334,1.3902777777777702,30.0,24,24
single flag,moderate,full_cross,20,19,1.0,-2.0,-6.2631578947368425,1.5276315789473613,30.0,0,24
single flag,moderate,full_inverter,20,18,-7.5,-6.0,-12.777777777777779,1.2777777777777777,30.0,24,24
single flag,severe,full_cross,20,20,-7.5,-6.05,-9.6,-2.2,30.0,13,24
single flag,severe,full_inverter,20,18,-9.0,-6.833333333333333,-14.11111111111111,0.7805555555555405,30.0,24,24
3 consecutive,clean,full_cross,20,19,6.0,6.7894736842105265,5.894736842105263,7.7894736842105265,30.0,0,24
3 consecutive,clean,full_inverter,20,18,-2.0,-1.1666666666666667,-8.502777777777778,6.78055555555554,30.0,23,24
3 consecutive,moderate,full_cross,20,19,3.0,2.3157894736842106,-0.2118421052631578,4.947368421052632,30.0,0,24
3 consecutive,moderate,full_inverter,20,18,-3.0,-1.4444444444444444,-8.779166666666667,6.334722222222214,30.0,24,24
3 consecutive,severe,full_cross,20,18,4.5,3.7777777777777777,0.2222222222222222,7.5,30.0,4,24
3 consecutive,severe,full_inverter,20,17,-4.0,-0.7647058823529411,-8.411764705882353,7.588235294117647,30.0,23,24
