stress,condition,task,expected,predicted,count
clean,full_cross,alarm,normal,normal,8
clean,full_cross,alarm,overload,overload,8
clean,full_cross,alarm,thermal,thermal,8
clean,full_cross,alarm,unknown,unknown,8
clean,full_cross,daily_output,normal,normal,7
clean,full_cross,daily_output,normal,weather_loss,1
clean,full_cross,daily_output,pv_loss,pv_loss,8
clean,full_cross,daily_output,unknown,unknown,8
clean,full_cross,daily_output,weather_loss,weather_loss,8
clean,full_cross,pv_trend,normal,normal,24
clean,full_cross,pv_trend,pv_decline,normal,1
clean,full_cross,pv_trend,pv_decline,pv_decline,7
clean,full_inverter,alarm,normal,normal,8
clean,full_inverter,alarm,overload,unknown,8
clean,full_inverter,alarm,thermal,thermal,8
clean,full_inverter,alarm,unknown,unknown,8
clean,full_inverter,daily_output,normal,normal,7
clean,full_inverter,daily_output,normal,unknown,1
clean,full_inverter,daily_output,pv_loss,unknown,8
clean,full_inverter,daily_output,unknown,unknown,8
clean,full_inverter,daily_output,weather_loss,unknown,8
clean,full_inverter,pv_trend,normal,normal,15
clean,full_inverter,pv_trend,normal,pv_decline,9
clean,full_inverter,pv_trend,pv_decline,normal,3
clean,full_inverter,pv_trend,pv_decline,pv_decline,5
clean,recent_cross,alarm,normal,normal,8
clean,recent_cross,alarm,overload,overload,8
clean,recent_cross,alarm,thermal,thermal,8
clean,recent_cross,alarm,unknown,unknown,8
clean,recent_cross,daily_output,normal,unknown,8
clean,recent_cross,daily_output,pv_loss,pv_loss,8
clean,recent_cross,daily_output,unknown,unknown,8
clean,recent_cross,daily_output,weather_loss,unknown,8
clean,recent_cross,pv_trend,normal,unknown,24
clean,recent_cross,pv_trend,pv_decline,unknown,8
clean,recent_inverter,alarm,normal,normal,8
clean,recent_inverter,alarm,overload,unknown,8
clean,recent_inverter,alarm,thermal,thermal,8
clean,recent_inverter,alarm,unknown,unknown,8
clean,recent_inverter,daily_output,normal,unknown,8
clean,recent_inverter,daily_output,pv_loss,unknown,8
clean,recent_inverter,daily_output,unknown,unknown,8
clean,recent_inverter,daily_output,weather_loss,unknown,8
clean,recent_inverter,pv_trend,normal,unknown,24
clean,recent_inverter,pv_trend,pv_decline,unknown,8
moderate,full_cross,alarm,normal,normal,8
moderate,full_cross,alarm,overload,overload,8
moderate,full_cross,alarm,thermal,thermal,8
moderate,full_cross,alarm,unknown,unknown,8
moderate,full_cross,daily_output,normal,normal,7
moderate,full_cross,daily_output,normal,weather_loss,1
moderate,full_cross,daily_output,pv_loss,pv_loss,8
moderate,full_cross,daily_output,unknown,unknown,8
moderate,full_cross,daily_output,weather_loss,weather_loss,8
moderate,full_cross,pv_trend,normal,normal,24
moderate,full_cross,pv_trend,pv_decline,normal,1
moderate,full_cross,pv_trend,pv_decline,pv_decline,7
moderate,full_inverter,alarm,normal,normal,8
moderate,full_inverter,alarm,overload,unknown,8
moderate,full_inverter,alarm,thermal,thermal,8
moderate,full_inverter,alarm,unknown,unknown,8
moderate,full_inverter,daily_output,normal,normal,6
moderate,full_inverter,daily_output,normal,unknown,2
moderate,full_inverter,daily_output,pv_loss,unknown,8
moderate,full_inverter,daily_output,unknown,unknown,8
moderate,full_inverter,daily_output,weather_loss,unknown,8
moderate,full_inverter,pv_trend,normal,normal,16
moderate,full_inverter,pv_trend,normal,pv_decline,8
moderate,full_inverter,pv_trend,pv_decline,normal,3
moderate,full_inverter,pv_trend,pv_decline,pv_decline,5
moderate,recent_cross,alarm,normal,normal,8
moderate,recent_cross,alarm,overload,overload,8
moderate,recent_cross,alarm,thermal,thermal,8
moderate,recent_cross,alarm,unknown,unknown,8
moderate,recent_cross,daily_output,normal,unknown,8
moderate,recent_cross,daily_output,pv_loss,pv_loss,8
moderate,recent_cross,daily_output,unknown,unknown,8
moderate,recent_cross,daily_output,weather_loss,unknown,8
moderate,recent_cross,pv_trend,normal,unknown,24
moderate,recent_cross,pv_trend,pv_decline,unknown,8
moderate,recent_inverter,alarm,normal,normal,8
moderate,recent_inverter,alarm,overload,unknown,8
moderate,recent_inverter,alarm,thermal,thermal,8
moderate,recent_inverter,alarm,unknown,unknown,8
moderate,recent_inverter,daily_output,normal,unknown,8
moderate,recent_inverter,daily_output,pv_loss,unknown,8
moderate,recent_inverter,daily_output,unknown,unknown,8
moderate,recent_inverter,daily_output,weather_loss,unknown,8
moderate,recent_inverter,pv_trend,normal,unknown,24
moderate,recent_inverter,pv_trend,pv_decline,unknown,8
severe,full_cross,alarm,normal,normal,8
severe,full_cross,alarm,overload,overload,7
severe,full_cross,alarm,overload,unknown,1
severe,full_cross,alarm,thermal,thermal,8
severe,full_cross,alarm,unknown,unknown,8
severe,full_cross,daily_output,normal,normal,4
severe,full_cross,daily_output,normal,unknown,3
severe,full_cross,daily_output,normal,weather_loss,1
severe,full_cross,daily_output,pv_loss,pv_loss,5
severe,full_cross,daily_output,pv_loss,unknown,3
severe,full_cross,daily_output,unknown,unknown,8
severe,full_cross,daily_output,weather_loss,unknown,1
severe,full_cross,daily_output,weather_loss,weather_loss,7
severe,full_cross,pv_trend,normal,normal,24
severe,full_cross,pv_trend,pv_decline,normal,1
severe,full_cross,pv_trend,pv_decline,pv_decline,7
severe,full_inverter,alarm,normal,normal,8
severe,full_inverter,alarm,overload,unknown,8
severe,full_inverter,alarm,thermal,thermal,8
severe,full_inverter,alarm,unknown,unknown,8
severe,full_inverter,daily_output,normal,normal,6
severe,full_inverter,daily_output,normal,unknown,2
severe,full_inverter,daily_output,pv_loss,unknown,8
severe,full_inverter,daily_output,unknown,unknown,8
severe,full_inverter,daily_output,weather_loss,unknown,8
severe,full_inverter,pv_trend,normal,normal,16
severe,full_inverter,pv_trend,normal,pv_decline,8
severe,full_inverter,pv_trend,pv_decline,normal,3
severe,full_inverter,pv_trend,pv_decline,pv_decline,5
severe,recent_cross,alarm,normal,normal,8
severe,recent_cross,alarm,overload,overload,7
severe,recent_cross,alarm,overload,unknown,1
severe,recent_cross,alarm,thermal,thermal,8
severe,recent_cross,alarm,unknown,unknown,8
severe,recent_cross,daily_output,normal,unknown,8
severe,recent_cross,daily_output,pv_loss,pv_loss,5
severe,recent_cross,daily_output,pv_loss,unknown,3
severe,recent_cross,daily_output,unknown,unknown,8
severe,recent_cross,daily_output,weather_loss,unknown,8
severe,recent_cross,pv_trend,normal,unknown,24
severe,recent_cross,pv_trend,pv_decline,unknown,8
severe,recent_inverter,alarm,normal,normal,8
severe,recent_inverter,alarm,overload,unknown,8
severe,recent_inverter,alarm,thermal,thermal,8
severe,recent_inverter,alarm,unknown,unknown,8
severe,recent_inverter,daily_output,normal,unknown,8
severe,recent_inverter,daily_output,pv_loss,unknown,8
severe,recent_inverter,daily_output,unknown,unknown,8
severe,recent_inverter,daily_output,weather_loss,unknown,8
severe,recent_inverter,pv_trend,normal,unknown,24
severe,recent_inverter,pv_trend,pv_decline,unknown,8
