case_id,stress,noise_seed,rows,data_hash
site-100-case-00,clean,1000000,5760,3e0a308528ff58438d032d9b3c2c805c5750770110857a0ef6fa1e23b81ec4a4
site-100-case-00,moderate,1000001,5760,e61f197b4fa20e2b8727b9e20776c700383d8663eb38794a3df2886ff975f169
site-100-case-00,severe,1000002,5760,dd349163d5a2d5097d31d57e81d5a8093183b8d54c7ba00e03a942081ec0fdd8
site-100-case-01,clean,1000010,5760,b3db4b8592b9adbd60212b1494ff2b2ec7636ba4f50cd197d9ca7d40a0a57aae
site-100-case-01,moderate,1000011,5760,b09791ef9b11e7cbcf1fb5676ac80c31c4eecea9af6c25a7f3e48f45268bb423
site-100-case-01,severe,1000012,5760,0d4951eba67708aac4eea4395dea38b663086b33e271c400b7d3b543163857c2
site-100-case-02,clean,1000020,5760,93fd69fcbf7e05b48894be4927fa709302656e84db096a4cf98434adee74986d
site-100-case-02,moderate,1000021,5760,bef93022ec1a9d32a0f1a2c179b96d514e21092e5e6f7dc2b8d8bc6015c746e3
site-100-case-02,severe,1000022,5760,349b4c3f58feef68039e09d70eff71523d1db5a26f772fd0f512fe6c2b75c6fa
site-100-case-03,clean,1000030,5760,3e0a308528ff58438d032d9b3c2c805c5750770110857a0ef6fa1e23b81ec4a4
site-100-case-03,moderate,1000031,5760,f83f9ec348b2a594691b87a08da5ed7d21fbdba2c4b7c319f0a7dde3375dbc5c
site-100-case-03,severe,1000032,5760,07ee631a0b50b150f5f75fc28a41910e99853f0bff72a7b3faa0cf2e922c93ff
site-100-case-04,clean,1000040,5760,7e1d2e877f76ceac2e5f36ffb1a1a48d40cfee83381c02266f11d892d8506c04
site-100-case-04,moderate,1000041,5760,20ad0c2975b88939f6a5c0c360ad1382cec468cd7edef4c2ff621e824d397bf4
site-100-case-04,severe,1000042,5760,bc638d0cb0f1271c268073fab79cebb2798855481c529e3c3f0b05f5e7e68a06
site-100-case-05,clean,1000050,5760,eb3551a9fc20790a7d8d30176244559cc5a5ddf2e0a34fd6c493848710309fec
site-100-case-05,moderate,1000051,5760,7e891d01b83fbc7cf781d228357e65d7a6b8f84894de3c1afd9dcfff34b22ec5
site-100-case-05,severe,1000052,5760,9e53149e3b15ea92180a2b74263289ca154118b56c07c362acd73403eebf40dd
site-100-case-06,clean,1000060,5760,780aaeda702801316b2e04e8d6fbb4c707dfe6654309fdfa4fc3c6cd41f8236f
site-100-case-06,moderate,1000061,5760,fbc04dca8bda14177402ca0e71650c3d8c4b8342718d7e0085771f20c31b3b5c
site-100-case-06,severe,1000062,5760,1ab325eb5e5ac51dfe63521ba6a4c8b36e6c2e063948c658ff21269a104ec056
site-100-case-07,clean,1000070,5760,3e0a308528ff58438d032d9b3c2c805c5750770110857a0ef6fa1e23b81ec4a4
site-100-case-07,moderate,1000071,5760,77eb057d716cb00063430bffd5acd31ca62b8357e8f72b633cf4e3ccb03aee48
site-100-case-07,severe,1000072,5760,5fde8449f721d2f4333a91a0ffd49cf468458e32be3d20a92d0a01717b211a47
site-100-case-08,clean,1000080,5760,522c99856f6264a16e34a0fc14caccf8f6805d72accd275654f5f5f9886c4036
site-100-case-08,moderate,1000081,5760,da60f68bb804cc0b2562d7f29a4e41e3e1d9b19960c7c385fa02c3909ccf1806
site-100-case-08,severe,1000082,5760,ab4b6b9dcacdb5bf84745b4a94f09fe265e81023cd4c3ddb2bfee3d0e1ace273
site-100-case-09,clean,1000090,5760,556dc10e250636e41a45eecedc12dd44ff17d6caf367741f08afa1924009707f
site-100-case-09,moderate,1000091,5760,f69edee065dad8925e0b4b2feb48f3e7abd645529ca47d5835bb697e0dac2e47
site-100-case-09,severe,1000092,5760,63b57e14198e5994e769ab3fb3a8f36dee85a3cfdff5c27fc45ac27aa4b142ad
site-100-case-10,clean,1000100,5760,b99071cf671cd4c9f8fc270c7258a263a2c20f2a11762c28d6255dbef2ebd6ae
site-100-case-10,moderate,1000101,5760,de6475a75226349523632a99c30102720cb568151f71c4f0f05c354603f00c00
site-100-case-10,severe,1000102,5760,e5a88df80a44dd7a4f658cef23e7a3e7d9ed398e69049cf2180fe95032dc374c
site-100-case-11,clean,1000110,5760,4088340137fae9897f432ca30c5854d18e212d3c3763e5b5d51f130e56e9a63a
site-100-case-11,moderate,1000111,5760,9f1cd1d019c1338e8cf27d3d3aa7e5e5b984047f8665c40be357bcecc154a4bf
site-100-case-11,severe,1000112,5760,6f77fd66f26e27315dc0907858f981e25405e110065fb9e1e2bbc01fe4f93e36
site-101-case-00,clean,1010000,5760,49908ce9e19912ab778ea2557b1d58bb8a60c5eee01ac454437261d8bb4e22c5
site-101-case-00,moderate,1010001,5760,ba17752514750335ed7415f2a40eed9a33da67b129dba84796a8c2271f20029a
site-101-case-00,severe,1010002,5760,30a9b0b0eb513bc9b4f50735a8bbe6f95bdb423b65013913ec911a2d1aae810f
site-101-case-01,clean,1010010,5760,7b7a3a5b379ecbe122a839f3a84e8246b379e7cdf85b109fc953231ed52b2037
site-101-case-01,moderate,1010011,5760,4dffc192de7fff2115136be2bb3202c5ebd9864559414529dcb43ecf8f0a21bd
site-101-case-01,severe,1010012,5760,b075e8bad2319035599f8346d18477ec2951200bb0b3579800036762547ab9de
site-101-case-02,clean,1010020,5760,a532436eaaf526db3ff7323f8eba12307be0d364262a25806f29650b3e1ca909
site-101-case-02,moderate,1010021,5760,13e7e284e8886b30976aab7d8331aea17c14f7c3adc878384ef340a7f9d3da58
site-101-case-02,severe,1010022,5760,7d58e64102c12a6c749d47deacc8dda1ebfa0b1b72c43ae22f9a735a170409c2
site-101-case-03,clean,1010030,5760,49908ce9e19912ab778ea2557b1d58bb8a60c5eee01ac454437261d8bb4e22c5
site-101-case-03,moderate,1010031,5760,3355e5129cb09b627cfca7077b98bed68ceb97d5137e40df0a7a9272e5b884fe
site-101-case-03,severe,1010032,5760,2dfd7448686cd941f030694d2cd328d4293e1b1513adb8a274184d6cef40638b
site-101-case-04,clean,1010040,5760,a371884b4e86c9976face5cfdb338e0f8275c7cda31a87f71f9e55d15246b2c8
site-101-case-04,moderate,1010041,5760,6b472f22a4da233d0fdfd4eaa957c603ea05f82dcf725b645b673b7b085d555b
site-101-case-04,severe,1010042,5760,9e936ca04e21691f1292dbd37285850cb01dd128c16ca82d6aa9a6e2061f4fcd
site-101-case-05,clean,1010050,5760,8fe8d4e7d74a336361bba11452b1e0797ba2894e850d06bc4c8b5620e5a1fef1
site-101-case-05,moderate,1010051,5760,c3f299ed5f489c99ef29211e1518736267531a71bad4d081f49c8673bed9084a
site-101-case-05,severe,1010052,5760,da5a103c379a95e58c20d24950d2040e182dee0503c6900abd2c5c66c4bf20ba
site-101-case-06,clean,1010060,5760,5e89d868ff87469fb1e592722b8abe31db291fe0748e34e7c3bb6c362ad6f6a0
site-101-case-06,moderate,1010061,5760,b381ac290a25a8d7f52aad7ec79e18ad98538689d39f22e50c103ee96b82023b
site-101-case-06,severe,1010062,5760,eb4ecf09c63abe7cbbeea776afba8cf8bf53683bce449d60c80ee2fae7d880d7
site-101-case-07,clean,1010070,5760,49908ce9e19912ab778ea2557b1d58bb8a60c5eee01ac454437261d8bb4e22c5
site-101-case-07,moderate,1010071,5760,cb535d90c128d6d7d99c256731248ab43bae485fae14f7055b4e2f1eeb1a6ec3
site-101-case-07,severe,1010072,5760,24b56a5c987c5493c46585af293e6fd6819f1d24e96d99f5e4044f8692394e1c
site-101-case-08,clean,1010080,5760,b5eb62575757d216813ca947ae34ccc1306c23617cad34e62b1eeb7705bbefbf
site-101-case-08,moderate,1010081,5760,633a2c3762bdfebe47e1a0d5ce5d65d81b50086741d5c0456b902133a40a804f
site-101-case-08,severe,1010082,5760,580ac388fdaeef867652bd50ba6eaa668c72e720f8232f4af4f286b87ab26b6e
site-101-case-09,clean,1010090,5760,a6699b8d369785f6fc56761aeb9647046b09e14098da247bf91461b9a7345f77
site-101-case-09,moderate,1010091,5760,97e67a86a78006b59cb2e063ccfe011eb6e8a96ab826a5efe72fbe51aa16188e
site-101-case-09,severe,1010092,5760,e1b3f785a2b8e137451ba9e34ca20d984b9fe28e769f5cce7281e5e56b39ec73
site-101-case-10,clean,1010100,5760,8c7e86294a42a571b874a291aa816445be6aefbf2c335c49f23a350249f28e8e
site-101-case-10,moderate,1010101,5760,0a5e9ac1cd6d811ac45b6b37e651d840ed052def87d42fff7eb8eb5b9aca3698
site-101-case-10,severe,1010102,5760,cf7857779f8d1c1ab91d53b3938f9c5b91f9b7cbc4a86aaa9d087e9251292336
site-101-case-11,clean,1010110,5760,222423fdccd841b7de455f9eb95484cc068f0c342fde44cca9e32273e0c8d441
site-101-case-11,moderate,1010111,5760,d04d9904c93323499b471004b37ac82f410d1c5c429f19992dec27e47cb83cd7
site-101-case-11,severe,1010112,5760,76d5b82e9564779d7654d5f5d0ee001c2ae110911ee871b47fb1303978f64fc3
site-102-case-00,clean,1020000,5760,fb93238070d8df0ae9faf9079648aea16be2d87efb2d7c8169ea9ba47dda075c
site-102-case-00,moderate,1020001,5760,87ec9aead149e26427f125fd8644ec284e227a068fc36e096c0fb493db7da0e9
site-102-case-00,severe,1020002,5760,3585cfb4bd3295b4821433d52c8a7012b93b4c99a87ce34601ca8c22f3ab6ccb
site-102-case-01,clean,1020010,5760,82bc03515b15452ae07a48909437d2133b9933bb4c0c30284090fd2f138a8068
site-102-case-01,moderate,1020011,5760,e13e9314e0124d382256780f5c351e8df4edceaf89ef0ece00e761df9ef675c0
site-102-case-01,severe,1020012,5760,9d94512b8d134ad0489e49b9e817cae5094ba85d388189b08d26c63d951fbdc9
site-102-case-02,clean,1020020,5760,82b21e1c468352c7921dd96088d956e2d1d0db25fd9be9bdcb049c7f0b28f813
site-102-case-02,moderate,1020021,5760,512190e5f5db2d1f444cc4e2b7470cee600e9fdd4ec81a7ae89b0cb044531bd8
site-102-case-02,severe,1020022,5760,15d7578103b58bef9ecf6b79de9037957c1a45da7fa07f39a33a04daf339dc80
site-102-case-03,clean,1020030,5760,fb93238070d8df0ae9faf9079648aea16be2d87efb2d7c8169ea9ba47dda075c
site-102-case-03,moderate,1020031,5760,f35ca84300c6537c129e49307a8b6ccd0ad6abdc4cd9553595aed994d0e706c3
site-102-case-03,severe,1020032,5760,048db992620858f3c936a5c65fa3a1d18c08ac34c835faafcabfbfdb89dd741a
site-102-case-04,clean,1020040,5760,0993f0b7bd1c0339c8a20f2c12ad2ffb03dcc941ed55c2fb81ed9a1bb3c61a13
site-102-case-04,moderate,1020041,5760,0275cfd592598c0386082d45e6889d4ff29b0fce056eaa43bb16c908509847e1
site-102-case-04,severe,1020042,5760,6ac010c15b1d88abf534354a3c0c3e0ebb640b72284e1d56cc0aa9d49af14901
site-102-case-05,clean,1020050,5760,4c8dc65680a62018637f574fbb03a2126e970e7554b8359a9ab1e597a817a1a3
site-102-case-05,moderate,1020051,5760,77cd0d4cabe5e9ebabe0236acc4fe6b24a2ccef5b5a4d27b61f04e701336e2ab
site-102-case-05,severe,1020052,5760,a179a93b2c795c8e78f9949f5faafcd8c33d830215dd2e2f5df56fec7040d1a7
site-102-case-06,clean,1020060,5760,07709c6908e51942e5b276f58aa14981b063874186d4b406aadfbb4960cbe37d
site-102-case-06,moderate,1020061,5760,c4ac6120db2bdf3d412cb15fa1ec4075d4bedc532a95c67c739b5983dd4df318
site-102-case-06,severe,1020062,5760,41b541a17cbe971c3b35d37b3523de65ecf83309b8635e3ce5d3d9662f60ce07
site-102-case-07,clean,1020070,5760,fb93238070d8df0ae9faf9079648aea16be2d87efb2d7c8169ea9ba47dda075c
site-102-case-07,moderate,1020071,5760,a2880d896f7ecf2df17dad2a179e437d63ec16d8f6d925fd8c5dfaeeb4b1f9eb
site-102-case-07,severe,1020072,5760,ed7fa173ef90926e188c31082ac125ab67e7837bcd9e6db521672f37abb280e5
site-102-case-08,clean,1020080,5760,e406030fe5b60c5f3829d81a233c53fc7a96f4eaa5550fe26c0f710ebba0448e
site-102-case-08,moderate,1020081,5760,32c7e30fa789dfc64c1f9dddd4959a792d5cda4a35833ca5e5f8db8d6e812029
site-102-case-08,severe,1020082,5760,8e1ef10009014a0e4973d95980327e4a2266be704da93c38e0cb992ccfc8bb98
site-102-case-09,clean,1020090,5760,866300d90bddd2f962c0c3bd2bc41f5a9d841af0b9a6b7c73464f551ea167d7b
site-102-case-09,moderate,1020091,5760,6278dbfac145910ab938d1d1a9355e7df782ded64cda736d4f462cacf86592fc
site-102-case-09,severe,1020092,5760,e03905788d752d12bb8740c4fb287a4a27687f7fe30bcd7c6de4639bc79dcbe3
site-102-case-10,clean,1020100,5760,a1db8325656321eee7f4977d3f83b5ce49364d67a4b3dea634f14398945bc784
site-102-case-10,moderate,1020101,5760,64d33948d53358ecceea3ffa72ef19b4a8eefc4cdb2e735550ba91f24ead18f9
site-102-case-10,severe,1020102,5760,db640cf3527d67a03984deabbd78f9aa8d1f8fdda4591e28661627480ea681d5
site-102-case-11,clean,1020110,5760,6cb542a581bbbd86045e31abebcb7cbe8363ee0a876bc643287b40ad00b4d942
site-102-case-11,moderate,1020111,5760,3e265401bf743ac3976ef61261ff46e3c66ec3fa3fba5aa652f1f47e0475de05
site-102-case-11,severe,1020112,5760,68a4bab6a505cd31daad80da19002396d9f855bcffe6c4f10d091ddb55fa708d
site-103-case-00,clean,1030000,5760,237bfe1ed4fdfd0c6f5b4fbc39cdad93cbace65b8a060f32f49af63c524c4576
site-103-case-00,moderate,1030001,5760,772f317572e7cad926e1f95f7fbe3e3ac32a8b3555053d45cd76795e89f4cc19
site-103-case-00,severe,1030002,5760,e383061632dec4af500b4d76c20c8c2f03dd43b148fa9baeadaf631483786d8a
site-103-case-01,clean,1030010,5760,0da01b1af907eaf80c98ce5190cf1b7e7118704c1035ca34b00cdbf0b5317b8b
site-103-case-01,moderate,1030011,5760,3224b79eafbd6a53cc62e7a7984155155dcb7a6371e2a489f99a81f52ac8cd67
site-103-case-01,severe,1030012,5760,7c7c61359946afacecf1c7f82bec3e3325eb23cf3415381e0521773b72b90fe4
site-103-case-02,clean,1030020,5760,bb5e02aaab21e59e5646188d6364b1e2b1da718b1aac16bac6774080ce703c88
site-103-case-02,moderate,1030021,5760,7e918f22a18a13b9500b0a710cff63f697af95eb42a3adb662dfb937f43e10f7
site-103-case-02,severe,1030022,5760,2cc5cb4eda030712f894db9b30a3d209a85fe2f805c7bc0e8afa300044d8c058
site-103-case-03,clean,1030030,5760,237bfe1ed4fdfd0c6f5b4fbc39cdad93cbace65b8a060f32f49af63c524c4576
site-103-case-03,moderate,1030031,5760,9479b5643b168a8bc5c751e96f6cfaf193f865ed66adf324c2399dde83b60bf5
site-103-case-03,severe,1030032,5760,1a72432040ca8d048792947aa0eab079a0d19dfd011b963c6433ca8e277d6a32
site-103-case-04,clean,1030040,5760,eae0ef7dab362e69cbb817dbd91947570f2ea8bf3caa817e5af07cb86cd49ac8
site-103-case-04,moderate,1030041,5760,ededd972e5d458014199bd457665fb4e7eab3e5a19df774cb74e9c93f3aaba58
site-103-case-04,severe,1030042,5760,892cfe8b2893752bddd33ebd05208a75e1718c19529206b3bdb64b035512b25c
site-103-case-05,clean,1030050,5760,b12814db98a05eea650b9dba846d4b13088aed4cdb0d6e75c2e76500305eb4ea
site-103-case-05,moderate,1030051,5760,e1112183910f118ef90cbb318586aa20451b1e9c2af9c39aba8d1482350664bf
site-103-case-05,severe,1030052,5760,981ef2f7affaa07a29e9e00a5d6f18c73be5df7782dab1970f6c29d4dccf2bde
site-103-case-06,clean,1030060,5760,18e000e664254a77b44463f61ef512d6b291e4bc893b1cdf25f4f6b57a594d83
site-103-case-06,moderate,1030061,5760,a3b83d168a669a2add8799d1a5236dd3f9bc66fba3f3769216482542b801d8d7
site-103-case-06,severe,1030062,5760,d4f818ff1e3d0ddedde32089f3d97b2b8b53ac61267aca3b80df71e31f65df60
site-103-case-07,clean,1030070,5760,237bfe1ed4fdfd0c6f5b4fbc39cdad93cbace65b8a060f32f49af63c524c4576
site-103-case-07,moderate,1030071,5760,580607d857a8b8355087c49686faad5bc6d4de59730a46a79d04d1794204f002
site-103-case-07,severe,1030072,5760,eeb93a275ef2565c6358af7d4209660f51931a39420cebaf45da71baff52acbb
site-103-case-08,clean,1030080,5760,723389b703592d23b4917acb5e6054c46ea037e7a0398afc993db150e1e3c9ee
site-103-case-08,moderate,1030081,5760,dd5ae6fec250089ab24602bf56361f80d0a50b1db1d198c350340bec622a78d6
site-103-case-08,severe,1030082,5760,a197f3beb46b77ba6c27ca4ce716ec1c952d2e780df43636891226c53f60c05e
site-103-case-09,clean,1030090,5760,14ea5ba5e48e7068c53c73309deb6cd1dde87f32d18b920dcea715a303f2f845
site-103-case-09,moderate,1030091,5760,025cdb8c93dc4430f40b6de9a4651e002c5207a074130557118e3412f7d68729
site-103-case-09,severe,1030092,5760,a3a9eccf495de02c91fb5c3f3ce4320a6b6cd3fda92979e985fca50a0ed24cb4
site-103-case-10,clean,1030100,5760,19f831edc38cef68f5bd837e88a8ff6d35f71bfe1cbd0f61d63c590d5a800733
site-103-case-10,moderate,1030101,5760,77b770b3891961e379b5ecb703d64f1b467fc3711b999089c37e3152000c6ae0
site-103-case-10,severe,1030102,5760,ce9378d641a2638e2402becf12d721babb4e0b5ddfd34add5b52bccf94fdfc81
site-103-case-11,clean,1030110,5760,3ab3b5824b2329e24823a75440e9b2457e35188df66b59faf848308549a0c76e
site-103-case-11,moderate,1030111,5760,10834d3e2b8f0d5c09d98ac0c58ee603cc9d1df095612c911745fdca745d33a2
site-103-case-11,severe,1030112,5760,7ac41d5313177f934017c0503e96479732223093803394710aa6f2a24dea47f2
site-104-case-00,clean,1040000,5760,6def6f298d518bcf66e62f6664778a13bd2f752c6b33743315ecf76f333d2abd
site-104-case-00,moderate,1040001,5760,ae06364b99faedaaf222caab75369fc97f4e8b344feaf23a4525038921f6067b
site-104-case-00,severe,1040002,5760,3185e3491dff0987277143ba69570b96f28d48c2b23edba9aa1cedb6710d464c
site-104-case-01,clean,1040010,5760,dcc2c76923cd793759dfe5c4393fa4d415f5eb210df5755a9350be4e3d157c59
site-104-case-01,moderate,1040011,5760,7fe091aad964b7bd6a88824b2ffb63f7f93d341d310ede00f820d0896ba61c95
site-104-case-01,severe,1040012,5760,cbb2b4fdfc57c94ea23c737ab1b653e7289c1c6f261719abdc7ee0e12054cb7f
site-104-case-02,clean,1040020,5760,18f9345e814b0bcf047352394c754425f8acded40ab66393cf12c2a54d870263
site-104-case-02,moderate,1040021,5760,822eb97044cd9c4a10501068e4bba8d911dfca5339e122603763967e08a4c811
site-104-case-02,severe,1040022,5760,47d93e07c6dbed2c49ff7155e0a8544260f418157b2401fecd1d3a5dd6086282
site-104-case-03,clean,1040030,5760,6def6f298d518bcf66e62f6664778a13bd2f752c6b33743315ecf76f333d2abd
site-104-case-03,moderate,1040031,5760,b29fc22e411cfd9e04d5a0da6dd0f04dbb28258ab8dcdb087466aa5204cdd9d4
site-104-case-03,severe,1040032,5760,ee4bf2d0ba14e5213bd27ed2ac48bb388862a02b81376a7eb53beea73faa223b
site-104-case-04,clean,1040040,5760,823c4777928b729764b7f8a100092099cd66b9a44e8d00d9c8709688a923ba5d
site-104-case-04,moderate,1040041,5760,eb387aff721ef04b1faa6f54ed3bf6b58bbf84c2ae682eca797e8f4dec865ddc
site-104-case-04,severe,1040042,5760,2925908517cb8f40382ec4d0994b7703037907e8702490cbe6ec2376c76f0ff1
site-104-case-05,clean,1040050,5760,c08a42df78988fe6cf3c17a044ce2da2d3dfd50779be4cd5ae5b824a90d94562
site-104-case-05,moderate,1040051,5760,910bdfe87bbd0fa1d9685d17c638cfea06c350879397f8cab9fe60a536ed2415
site-104-case-05,severe,1040052,5760,52ea9a10cfa50281a68b99decf22d72d4017cd36a5016433867b2b93e25b1820
site-104-case-06,clean,1040060,5760,29054e6756e3a148166160bb3a53b6f548bc6aeaf44a4b07215f22192a18fc51
site-104-case-06,moderate,1040061,5760,0a14ab8d70bef6106c302fb6eaa8d2689ecd04f0fcf4e98b95ca3d266f8dc2aa
site-104-case-06,severe,1040062,5760,28c0c0bfac1d1d9563215c3b6240253bb2b6972e1105abe205f121973d7208e3
site-104-case-07,clean,1040070,5760,6def6f298d518bcf66e62f6664778a13bd2f752c6b33743315ecf76f333d2abd
site-104-case-07,moderate,1040071,5760,eb32e3e5acc9c5a7825ef414ef2b56f249ad0e84331d8b8dfa550074e91b0251
site-104-case-07,severe,1040072,5760,6f2234d480e202017e93db4b0c5f98ab1c02d8dd65506a1d1829a41d39f9e043
site-104-case-08,clean,1040080,5760,6063c9696ecab5656014a51aa5c5d5f58e407d8fe4def73e67f0259c198fa240
site-104-case-08,moderate,1040081,5760,d54165efed04a9f0832c48ee504253e5969109df07c5dbf81041920c13751b2c
site-104-case-08,severe,1040082,5760,d6e3effbe0cc2d22c2907a140e936752b062ff5ce00a6001a1e0cc899414e207
site-104-case-09,clean,1040090,5760,3405744e5abe354baf425fc8d733c768ed39b39ee19a130ea552919ebb2b8c64
site-104-case-09,moderate,1040091,5760,31b4e21fb1498bf7f39f7e3eb9bf8965a5153106550de6fcb6426d45af0a8729
site-104-case-09,severe,1040092,5760,c287cb2b84ec12cd68cb9baf96b7cc4098a9615f20d6f8a3ef6db19e41607dcd
site-104-case-10,clean,1040100,5760,c266460dd7fa2975a3cc841fa87e8a749d6a14b5e97ee6b1ffa8a81e7355e1f8
site-104-case-10,moderate,1040101,5760,c53722a2d9ea14508c056a0f5e1804607594803d2529e6d99bd0e9340c18b391
site-104-case-10,severe,1040102,5760,c08c3c4045342139d058fcd144e64e1da8d7584b73f76b59aa4133c95f193c06
site-104-case-11,clean,1040110,5760,ef665ef3ff234b93d5b15349490425c82c45d8e5275c11a67409027984491c3b
site-104-case-11,moderate,1040111,5760,bb70a06d014e382910a61e29ce92b50f603b6de500716cf56d4044b4ba363345
site-104-case-11,severe,1040112,5760,0c1b7c84a57c4d050ffd29dcd4d8c608517974e935346c6f468263b4cae449d1
site-105-case-00,clean,1050000,5760,919d09ce622e8101db3e6c7dbc63a369abf8730f7619fbe3342c30b40afb7103
site-105-case-00,moderate,1050001,5760,4be9cf05f367da243080e025d8525b8daf06286ba7ede2f7694fea06ee438e52
site-105-case-00,severe,1050002,5760,bf31043783f2e7c862e5c788c0c295bb6eebc572d6e7ec19a4f683e16cd40e7a
site-105-case-01,clean,1050010,5760,7b788d56b4f8a9eb45ae8cca7f24c8c1670e881793ba8d244d91a4ef205a8d8c
site-105-case-01,moderate,1050011,5760,e81980d9c2b259007eeb51036d0a573acff281e1cd593ee665b817c19b5c7531
site-105-case-01,severe,1050012,5760,72602657bdfb611e7260c0df75ccd88da1094bea8175679cb13870b75d1c3743
site-105-case-02,clean,1050020,5760,c1685f203c556fcbdc1829ab55fda0ac89dfbbedd857f362110bbc7c17b93372
site-105-case-02,moderate,1050021,5760,c55ec87b145bc56b0a9d60ab9263884a310dfaad6d458a1af6fca3e2900be9e1
site-105-case-02,severe,1050022,5760,7f7409a5c2c9ba9ec9c4ef7c132ce2bf189d4b26fcb79da4177361023f9b1979
site-105-case-03,clean,1050030,5760,919d09ce622e8101db3e6c7dbc63a369abf8730f7619fbe3342c30b40afb7103
site-105-case-03,moderate,1050031,5760,69431bcac6e195c8361e9db0e6f2ad9a6a43364729998db045f9c36c59a908d0
site-105-case-03,severe,1050032,5760,0ac8cdb193083cd989c711b2d6d833a0644ceebcae868bf5334ead18d81215ee
site-105-case-04,clean,1050040,5760,5e1361cd293188ba8de934831a42fd730df6d0254941abc981184b34d55c20b4
site-105-case-04,moderate,1050041,5760,8eeb21e15205b81732dff49f0ea2625412fb3627eb6af97c893bef0a8cf2021f
site-105-case-04,severe,1050042,5760,e89f20505b3f7e5d733d5250b524aa6c6e5c385a80b8153434f39126b57f421f
site-105-case-05,clean,1050050,5760,94bf8797ecb98f03bf343b3f4ecd8d92748459aa62994b96a1eb323afe31715d
site-105-case-05,moderate,1050051,5760,757a38070aced9887ee89430c5c96b8967fae988208e8f2b6f158822e91851d7
site-105-case-05,severe,1050052,5760,751887ccf8737625527b19971f1a70277f99f06ca4681e8b1812ab7d9f28fd67
site-105-case-06,clean,1050060,5760,70fb49c2a3304904e08ff8a2b60ab6ef193e2646c66469d9cb2a35a534d9e3c6
site-105-case-06,moderate,1050061,5760,68185336b138ba32b7dd207b94cc3b913eea4333d39f282ce20fcf81fe7ca703
site-105-case-06,severe,1050062,5760,9b7abdef765b915c14ac7fef5fc5d99335e2c2de0ef809e99a7063bfd8e9291d
site-105-case-07,clean,1050070,5760,919d09ce622e8101db3e6c7dbc63a369abf8730f7619fbe3342c30b40afb7103
site-105-case-07,moderate,1050071,5760,53ef5d132a841ec808709193e42502b73ef001d7d83adf595544c5dbd41d1d0c
site-105-case-07,severe,1050072,5760,1d63ff07082efd5ca8cdca1021562a10cb7f943dde0d156352a57bee98de06e0
site-105-case-08,clean,1050080,5760,576c7aa2c97ea98d62ae02c9551ed79919e5add65ff9db1dab3e0b6a1fca4564
site-105-case-08,moderate,1050081,5760,2b7c47509a80d90fa256860a3b491e7819e406842d477bc0de28ea6afb9011e6
site-105-case-08,severe,1050082,5760,8388d9c4add4b82fae5db75a9aa9b08d0453c43fe8c671c111af3e45ce30dfa1
site-105-case-09,clean,1050090,5760,1ae90064fbd5c24c7d9d8ea01940f5e752449a5bbb7c48d2d2406cce74e115a8
site-105-case-09,moderate,1050091,5760,6b73141b7ff0724636d50883e0b38068e31a5efbe31db800b0e10b11fcd373da
site-105-case-09,severe,1050092,5760,19da68dcb7f835b2326be2af7dd13830474a6211e56eca9e075af6e4aec50d45
site-105-case-10,clean,1050100,5760,833cba405439cabddb27b20b89fbdc1f812554b3ef428dab1e1509f312fdb275
site-105-case-10,moderate,1050101,5760,7b3049cd575f2d093aea0f470b33cbfa282aa68358093f04099e314dea3b374e
site-105-case-10,severe,1050102,5760,8768c77597fb5b4b4eeb354421f0163790de84cec519ba949d034959422c2073
site-105-case-11,clean,1050110,5760,0cc3d013116c9c90fe996cfddbd080d7b2193a78ed9ea70e9188c5b6ee27bd56
site-105-case-11,moderate,1050111,5760,86d235686222d6cfe4a16755e6f2d645f050f9e32b19a9f5306cd5b8e33c16dc
site-105-case-11,severe,1050112,5760,efaf7d1c85d6081772e68b93b3720b81971020ac0ea99a7d87b94dc56eeb5cc7
site-106-case-00,clean,1060000,5760,e6250da270d879090adabf7d5f7d6c23853c8c088367f13abbab8699ccbe38ae
site-106-case-00,moderate,1060001,5760,2a831008956239ac0a217db96b632927cf2d53619368b6dbcecca9b293675515
site-106-case-00,severe,1060002,5760,20f3eef106fb9813198ec57278eb21609b51a9ddc9fd75afbb4cad59589aa21e
site-106-case-01,clean,1060010,5760,9687469af0c2ccd2411b520bb412e58e6a661e7332814c8c9189aa79ddb6e413
site-106-case-01,moderate,1060011,5760,66da2afdcbb341cd19679518ecdc1de38ea084d94723d3a96f9563db1fca1af2
site-106-case-01,severe,1060012,5760,593b1a68a861ad479fbd34b744279ed15962040d5b37320b75f75c91ff3605e2
site-106-case-02,clean,1060020,5760,c5dea37d868f6df8f366250165854664acccb1944c7c8693df5db7bf1364ab52
site-106-case-02,moderate,1060021,5760,e8c292f6e16a46f0f04e15b207b1a42a449c0cd46e3efb7797a201d45347d6e7
site-106-case-02,severe,1060022,5760,146a67e2849dc741c4e51b559163c3b94bc88d7624e5bae33fa536e60d881cdd
site-106-case-03,clean,1060030,5760,e6250da270d879090adabf7d5f7d6c23853c8c088367f13abbab8699ccbe38ae
site-106-case-03,moderate,1060031,5760,b3cb82500db432a0252793927314c0b498296ffd8c19c6789780c13374fee272
site-106-case-03,severe,1060032,5760,05ed222a6238bc8fd30279cf33dd5c19c27e6477c5e65f87ae336980fb22c146
site-106-case-04,clean,1060040,5760,0c322e29db3ac04bdd413d49e8fd13093314dc3b8756b37d4e88f466f7bc0f45
site-106-case-04,moderate,1060041,5760,0dbd7435be1b9f866d0c303b826846ad5b0c37842c3a35b2dabb4501834a073b
site-106-case-04,severe,1060042,5760,4a223a147ee76662b5683b2c23a5294822c48d2ebe7fae4f07da5e162d612e24
site-106-case-05,clean,1060050,5760,32c270224aacce7074a6a06f63ec44ab0cce1080d1ec1c47c166dfd52a6025af
site-106-case-05,moderate,1060051,5760,54e95755f0981f9d27dd1a1c2ff42a0d035ad74e81770a57990d4fa504948cb0
site-106-case-05,severe,1060052,5760,feca4d6af8e415a8220d553ae618ba3400728e6c2cbbab82a3e09d46d5b069fc
site-106-case-06,clean,1060060,5760,71a2401b26e456689f781445164b6d76751babc3005a54ccc911ff0c2b8258c7
site-106-case-06,moderate,1060061,5760,8879285a68a8d6a960176fe553c0ab14c0bf8b57df9b2502b58d7b39842d4e30
site-106-case-06,severe,1060062,5760,5dd78b18b8dd92ab41c4e927a7b925d6ff7a8cfa741351bb20cb337123cd1991
site-106-case-07,clean,1060070,5760,e6250da270d879090adabf7d5f7d6c23853c8c088367f13abbab8699ccbe38ae
site-106-case-07,moderate,1060071,5760,94dd77de28f5b5d01223a10bf7323a8c9ae60d773080d8ff6b07fbf7f109b3fd
site-106-case-07,severe,1060072,5760,1733b988d293ec92b2c1bd4625f6e45029b980320cb629ad503e5693156b87ec
site-106-case-08,clean,1060080,5760,c57a65240e2f3f73158be715ad294f6c6dd96386e8ff26c6a260c2bc80650fa4
site-106-case-08,moderate,1060081,5760,120149495c19d00ff1b9631cabbe1f04a96c38547b9a4e285b57f6acfe7a1ed1
site-106-case-08,severe,1060082,5760,f6cb36555286263985658ad5b930ee2a8a48527e43570d24226c8dd63165c53a
site-106-case-09,clean,1060090,5760,c9ee97c84e3b37f4fc719306f74f17c90aa5fcf7b5db42d67d78cd4a43c4f0a2
site-106-case-09,moderate,1060091,5760,2eb9f2016551eec3f30d9c27e34f761d604b7c57f549b785c8a486e1fa6dcbda
site-106-case-09,severe,1060092,5760,22419ce208c41d3a209c729fef946bb20409aad619316db55cee21bc7ff3c80d
site-106-case-10,clean,1060100,5760,e713de775d4865b215411fa15a079daeaa0d696586886b6a42e9fdfecf9ada75
site-106-case-10,moderate,1060101,5760,960038808ad6f9fc299cafc3776796613f3c06c348ad965a3ae9e2156f120d3e
site-106-case-10,severe,1060102,5760,7c94baf238fd486a8da806ae5b2fcf51158e1e93b99e0272d52bf82abee4c629
site-106-case-11,clean,1060110,5760,fb3118478216bbee18c0494fcbf318453019e1a590e96d3db23b64149671438a
site-106-case-11,moderate,1060111,5760,728bc4eadfd6e5a2f3fce67325aeec8f6d01c4c43870b8f2efd730044e3ccec3
site-106-case-11,severe,1060112,5760,6a129679902486e1ab1ce1765d0510b5ec1cb9009b9744b531a6a182a3d6d73c
site-107-case-00,clean,1070000,5760,0589a5b1f69641956825bce165b5913108707a649ba6ed791ebf99c502ffa88c
site-107-case-00,moderate,1070001,5760,a04fe4fafa5c2407ca1c4e80b791829d4622c5d5f029ffdb98c773a46991c9db
site-107-case-00,severe,1070002,5760,9f2f88abf97ccdf139153fe43e6fe0574692970f82c8608c0ab260a7004e5399
site-107-case-01,clean,1070010,5760,94802fa8eada0ed8642cc43bf6cb51ed7b1ed64fd0d8e13088f83dc15e1b96b2
site-107-case-01,moderate,1070011,5760,a850c6f84b285905dc5c0351f243dd950e18bfd718d67291e517f1aec5332f04
site-107-case-01,severe,1070012,5760,c232e9cef6381b947904ffe02f171c17a3987a745999f04f4eb857c1e7a8b2d9
site-107-case-02,clean,1070020,5760,e64a8865d3c6d9ec549423f6066f29584694302903079adc7cd235b5ec0a6acd
site-107-case-02,moderate,1070021,5760,41595666cb99ee8a86daa19ac4244f500cf978c2ff04c8c6985deee414d97b8d
site-107-case-02,severe,1070022,5760,cc5004ca1ed08bfb3ca461a179605eda414ee1867c028a922807d5c173db969e
site-107-case-03,clean,1070030,5760,0589a5b1f69641956825bce165b5913108707a649ba6ed791ebf99c502ffa88c
site-107-case-03,moderate,1070031,5760,f783a3021c05b9d0ad3a356c3f1c84fc5fe6ce91d28575fa6bc802616aa7fb44
site-107-case-03,severe,1070032,5760,79d1683f3f698d48c31045ff1425fb6892289ab70fb22737a32a183ea51195b0
site-107-case-04,clean,1070040,5760,15cc8a2424aa45d4ff5223839c5849ecccd2cab295ac6035c9c58245bab33bf0
site-107-case-04,moderate,1070041,5760,ca12356b9a03ef9e7e2c7271a971319e8f99014986e49da6e98fc37ab43c7f24
site-107-case-04,severe,1070042,5760,b049c9da92bdc63a47743717c7a9993d19ddd4a4f4e18d078fb646e45622bfbe
site-107-case-05,clean,1070050,5760,e1d792f6b54d46d2081ad3a49cba4703199dfc31e4cef76ce08b3542e923b4ac
site-107-case-05,moderate,1070051,5760,4d11f7ba90ae2969ef726cadf5a9ae5229d6f6642cf432f30f514bd8b9a1af51
site-107-case-05,severe,1070052,5760,d01ab341e0d4101caae76375cb6d492cd03a71e9b817bc4577a284319348d22c
site-107-case-06,clean,1070060,5760,b1a98caee82bd2d1904ede142d1c169ea04a0a99a5c1164c4c3cbd81bf6dc65b
site-107-case-06,moderate,1070061,5760,d4859cbd7607565ab51780a0bbbd7556e0f9d03bd36080272ebf24531a811512
site-107-case-06,severe,1070062,5760,21542f872b4abb893e67550557902a53526844096c7b5e8c02a3cc6d02cedba4
site-107-case-07,clean,1070070,5760,0589a5b1f69641956825bce165b5913108707a649ba6ed791ebf99c502ffa88c
site-107-case-07,moderate,1070071,5760,662d5f0f686baba6620f95a7fe44e1c4c3d88656d6765fbf7457a0a83b79b67b
site-107-case-07,severe,1070072,5760,65df18b84a61d792440edec9168d5966f9bbbc004203d46343b949cae0c0416d
site-107-case-08,clean,1070080,5760,79fb3c5b4316f0412b09a62493e9b07f55cf4feac6489282d78fee278ccf8b9c
site-107-case-08,moderate,1070081,5760,f014670a4599634596a033541d283fb1b25afb7eb7d1008d32cf03be03c0973a
site-107-case-08,severe,1070082,5760,62ff73a1790ed3e61fb262f1234add952dc025e720f326f7fc33b44f1d80aad3
site-107-case-09,clean,1070090,5760,17a8a84752dec7418d8e0b52169a00ddda028e5029978d4c4bd9b35a7f33ed17
site-107-case-09,moderate,1070091,5760,f46dbbefb983232e3e6d1a10db35385f54172f026532710c2030f9e384f844dc
site-107-case-09,severe,1070092,5760,808e2d209100e1606ca4f2e1c7ed66d4ed812e2ac8517414eba03f46d01c0ec1
site-107-case-10,clean,1070100,5760,0982b7a4a579a2da183411da93e46cc1120a98cfcf7668de66b9b8393497b886
site-107-case-10,moderate,1070101,5760,38dff23cd2f6d50715cc32e5c2333fc6b042a88e20f4ed2198ac7b852569d20e
site-107-case-10,severe,1070102,5760,09a9e32c73ec7db04042f6bf516909313215de1da16e768e830e9711329652dd
site-107-case-11,clean,1070110,5760,765d26b3d49e903f02b0870afdd1f8ac3618c61b82fe4ea2b4543b855d4a4162
site-107-case-11,moderate,1070111,5760,0a4b8bddf77d91e9c8ab3e5eab02497c85e8a52824676f488638d8c86abf5012
site-107-case-11,severe,1070112,5760,1c7383d95a0be5411b6041fdd6f301e8b50ec6ad01513036651bbe6be5371506
