stress,condition,seed,diagnostic_accuracy,coverage,selective_accuracy,normal_false_positive_rate,correct_abstention
clean,full_cross,100,1.0,0.8333333333333334,1.0,0.0,1.0
clean,full_cross,101,1.0,0.8333333333333334,1.0,0.0,1.0
clean,full_cross,102,0.9,0.8333333333333334,0.9,0.2,1.0
clean,full_cross,103,1.0,0.8333333333333334,1.0,0.0,1.0
clean,full_cross,104,0.9,0.8333333333333334,0.9,0.0,1.0
clean,full_cross,105,1.0,0.8333333333333334,1.0,0.0,1.0
clean,full_cross,106,1.0,0.8333333333333334,1.0,0.0,1.0
clean,full_cross,107,1.0,0.8333333333333334,1.0,0.0,1.0
clean,full_inverter,100,0.6,0.5833333333333334,0.8571428571428571,0.2,1.0
clean,full_inverter,101,0.5,0.5833333333333334,0.7142857142857143,0.2,1.0
clean,full_inverter,102,0.5,0.5,0.8333333333333334,0.0,1.0
clean,full_inverter,103,0.6,0.5833333333333334,0.8571428571428571,0.2,1.0
clean,full_inverter,104,0.5,0.5833333333333334,0.7142857142857143,0.2,1.0
clean,full_inverter,105,0.6,0.5833333333333334,0.8571428571428571,0.2,1.0
clean,full_inverter,106,0.6,0.5833333333333334,0.8571428571428571,0.2,1.0
clean,full_inverter,107,0.4,0.5833333333333334,0.5714285714285714,0.6,1.0
clean,recent_cross,100,0.4,0.3333333333333333,1.0,0.0,1.0
clean,recent_cross,101,0.4,0.3333333333333333,1.0,0.0,1.0
clean,recent_cross,102,0.4,0.3333333333333333,1.0,0.0,1.0
clean,recent_cross,103,0.4,0.3333333333333333,1.0,0.0,1.0
clean,recent_cross,104,0.4,0.3333333333333333,1.0,0.0,1.0
clean,recent_cross,105,0.4,0.3333333333333333,1.0,0.0,1.0
clean,recent_cross,106,0.4,0.3333333333333333,1.0,0.0,1.0
clean,recent_cross,107,0.4,0.3333333333333333,1.0,0.0,1.0
clean,recent_inverter,100,0.2,0.16666666666666666,1.0,0.0,1.0
clean,recent_inverter,101,0.2,0.16666666666666666,1.0,0.0,1.0
clean,recent_inverter,102,0.2,0.16666666666666666,1.0,0.0,1.0
clean,recent_inverter,103,0.2,0.16666666666666666,1.0,0.0,1.0
clean,recent_inverter,104,0.2,0.16666666666666666,1.0,0.0,1.0
clean,recent_inverter,105,0.2,0.16666666666666666,1.0,0.0,1.0
clean,recent_inverter,106,0.2,0.16666666666666666,1.0,0.0,1.0
clean,recent_inverter,107,0.2,0.16666666666666666,1.0,0.0,1.0
moderate,full_cross,100,1.0,0.8333333333333334,1.0,0.0,1.0
moderate,full_cross,101,1.0,0.8333333333333334,1.0,0.0,1.0
moderate,full_cross,102,0.9,0.8333333333333334,0.9,0.2,1.0
moderate,full_cross,103,1.0,0.8333333333333334,1.0,0.0,1.0
moderate,full_cross,104,0.9,0.8333333333333334,0.9,0.0,1.0
moderate,full_cross,105,1.0,0.8333333333333334,1.0,0.0,1.0
moderate,full_cross,106,1.0,0.8333333333333334,1.0,0.0,1.0
moderate,full_cross,107,1.0,0.8333333333333334,1.0,0.0,1.0
moderate,full_inverter,100,0.6,0.5833333333333334,0.8571428571428571,0.2,1.0
moderate,full_inverter,101,0.5,0.5833333333333334,0.7142857142857143,0.2,1.0
moderate,full_inverter,102,0.5,0.5,0.8333333333333334,0.0,1.0
moderate,full_inverter,103,0.5,0.5,0.8333333333333334,0.2,1.0
moderate,full_inverter,104,0.5,0.5833333333333334,0.7142857142857143,0.2,1.0
moderate,full_inverter,105,0.6,0.5833333333333334,0.8571428571428571,0.2,1.0
moderate,full_inverter,106,0.6,0.5833333333333334,0.8571428571428571,0.2,1.0
moderate,full_inverter,107,0.5,0.5833333333333334,0.7142857142857143,0.4,1.0
moderate,recent_cross,100,0.4,0.3333333333333333,1.0,0.0,1.0
moderate,recent_cross,101,0.4,0.3333333333333333,1.0,0.0,1.0
moderate,recent_cross,102,0.4,0.3333333333333333,1.0,0.0,1.0
moderate,recent_cross,103,0.4,0.3333333333333333,1.0,0.0,1.0
moderate,recent_cross,104,0.4,0.3333333333333333,1.0,0.0,1.0
moderate,recent_cross,105,0.4,0.3333333333333333,1.0,0.0,1.0
moderate,recent_cross,106,0.4,0.3333333333333333,1.0,0.0,1.0
moderate,recent_cross,107,0.4,0.3333333333333333,1.0,0.0,1.0
moderate,recent_inverter,100,0.2,0.16666666666666666,1.0,0.0,1.0
moderate,recent_inverter,101,0.2,0.16666666666666666,1.0,0.0,1.0
moderate,recent_inverter,102,0.2,0.16666666666666666,1.0,0.0,1.0
moderate,recent_inverter,103,0.2,0.16666666666666666,1.0,0.0,1.0
moderate,recent_inverter,104,0.2,0.16666666666666666,1.0,0.0,1.0
moderate,recent_inverter,105,0.2,0.16666666666666666,1.0,0.0,1.0
moderate,recent_inverter,106,0.2,0.16666666666666666,1.0,0.0,1.0
moderate,recent_inverter,107,0.2,0.16666666666666666,1.0,0.0,1.0
severe,full_cross,100,0.8,0.6666666666666666,1.0,0.0,1.0
severe,full_cross,101,0.8,0.6666666666666666,1.0,0.0,1.0
severe,full_cross,102,0.8,0.6666666666666666,1.0,0.0,1.0
severe,full_cross,103,0.9,0.8333333333333334,0.9,0.2,1.0
severe,full_cross,104,0.9,0.8333333333333334,0.9,0.0,1.0
severe,full_cross,105,1.0,0.8333333333333334,1.0,0.0,1.0
severe,full_cross,106,1.0,0.8333333333333334,1.0,0.0,1.0
severe,full_cross,107,0.8,0.6666666666666666,1.0,0.0,1.0
severe,full_inverter,100,0.6,0.5833333333333334,0.8571428571428571,0.2,1.0
severe,full_inverter,101,0.5,0.5833333333333334,0.7142857142857143,0.2,1.0
severe,full_inverter,102,0.5,0.5,0.8333333333333334,0.0,1.0
severe,full_inverter,103,0.5,0.5,0.8333333333333334,0.2,1.0
severe,full_inverter,104,0.5,0.5833333333333334,0.7142857142857143,0.2,1.0
severe,full_inverter,105,0.6,0.5833333333333334,0.8571428571428571,0.2,1.0
severe,full_inverter,106,0.6,0.5833333333333334,0.8571428571428571,0.2,1.0
severe,full_inverter,107,0.5,0.5833333333333334,0.7142857142857143,0.4,1.0
severe,recent_cross,100,0.2,0.16666666666666666,1.0,0.0,1.0
severe,recent_cross,101,0.3,0.25,1.0,0.0,1.0
severe,recent_cross,102,0.4,0.3333333333333333,1.0,0.0,1.0
severe,recent_cross,103,0.4,0.3333333333333333,1.0,0.0,1.0
severe,recent_cross,104,0.4,0.3333333333333333,1.0,0.0,1.0
severe,recent_cross,105,0.4,0.3333333333333333,1.0,0.0,1.0
severe,recent_cross,106,0.4,0.3333333333333333,1.0,0.0,1.0
severe,recent_cross,107,0.3,0.25,1.0,0.0,1.0
severe,recent_inverter,100,0.2,0.16666666666666666,1.0,0.0,1.0
severe,recent_inverter,101,0.2,0.16666666666666666,1.0,0.0,1.0
severe,recent_inverter,102,0.2,0.16666666666666666,1.0,0.0,1.0
severe,recent_inverter,103,0.2,0.16666666666666666,1.0,0.0,1.0
severe,recent_inverter,104,0.2,0.16666666666666666,1.0,0.0,1.0
severe,recent_inverter,105,0.2,0.16666666666666666,1.0,0.0,1.0
severe,recent_inverter,106,0.2,0.16666666666666666,1.0,0.0,1.0
severe,recent_inverter,107,0.2,0.16666666666666666,1.0,0.0,1.0
