stress,condition,installations,cases,diagnostic_accuracy,diagnostic_accuracy_lo,diagnostic_accuracy_hi,coverage,coverage_lo,coverage_hi,selective_accuracy,selective_accuracy_lo,selective_accuracy_hi,normal_false_positive_rate,normal_false_positive_rate_lo,normal_false_positive_rate_hi,correct_abstention,correct_abstention_lo,correct_abstention_hi
clean,full_cross,8,96,0.975,0.9375,1.0,0.8333333333333334,0.8333333333333334,0.8333333333333334,0.975,0.9375,1.0,0.025,0.0,0.07500000000000001,1.0,1.0,1.0
clean,full_inverter,8,96,0.5375000000000001,0.4875,0.575,0.5729166666666667,0.5520833333333334,0.5833333333333334,0.7827380952380952,0.7113095238095238,0.8392857142857142,0.22500000000000003,0.125,0.35000000000000003,1.0,1.0,1.0
clean,recent_cross,8,96,0.4,0.4,0.4,0.3333333333333333,0.3333333333333333,0.3333333333333333,1.0,1.0,1.0,0.0,0.0,0.0,1.0,1.0,1.0
clean,recent_inverter,8,96,0.2,0.2,0.2,0.16666666666666666,0.16666666666666666,0.16666666666666666,1.0,1.0,1.0,0.0,0.0,0.0,1.0,1.0,1.0
moderate,full_cross,8,96,0.975,0.9375,1.0,0.8333333333333334,0.8333333333333334,0.8333333333333334,0.975,0.9375,1.0,0.025,0.0,0.07500000000000001,1.0,1.0,1.0
moderate,full_inverter,8,96,0.5375000000000001,0.5,0.575,0.5625,0.53125,0.5833333333333334,0.7976190476190477,0.75,0.8363095238095237,0.2,0.125,0.275,1.0,1.0,1.0
moderate,recent_cross,8,96,0.4,0.4,0.4,0.3333333333333333,0.3333333333333333,0.3333333333333333,1.0,1.0,1.0,0.0,0.0,0.0,1.0,1.0,1.0
moderate,recent_inverter,8,96,0.2,0.2,0.2,0.16666666666666666,0.16666666666666666,0.16666666666666666,1.0,1.0,1.0,0.0,0.0,0.0,1.0,1.0,1.0
severe,full_cross,8,96,0.875,0.8250000000000001,0.9375,0.75,0.6875,0.8125,0.975,0.9375,1.0,0.025,0.0,0.07500000000000001,1.0,1.0,1.0
severe,full_inverter,8,96,0.5375000000000001,0.5,0.575,0.5625,0.53125,0.5833333333333334,0.7976190476190477,0.75,0.8363095238095237,0.2,0.125,0.275,1.0,1.0,1.0
severe,recent_cross,8,96,0.35,0.3,0.3875,0.29166666666666663,0.24999999999999997,0.32291666666666663,1.0,1.0,1.0,0.0,0.0,0.0,1.0,1.0,1.0
severe,recent_inverter,8,96,0.2,0.2,0.2,0.16666666666666666,0.16666666666666666,0.16666666666666666,1.0,1.0,1.0,0.0,0.0,0.0,1.0,1.0,1.0
