stress,contrast,difference,ci_low,ci_high,clusters
clean,history_given_cross,0.575,0.5375000000000001,0.6,8
clean,cross_given_history,0.4375,0.4,0.48750000000000004,8
clean,factorial_interaction,0.2375,0.2,0.2875,8
moderate,history_given_cross,0.575,0.5375000000000001,0.6,8
moderate,cross_given_history,0.4375,0.41250000000000003,0.475,8
moderate,factorial_interaction,0.2375,0.21250000000000002,0.275,8
severe,history_given_cross,0.525,0.475,0.5625,8
severe,cross_given_history,0.3375,0.28750000000000003,0.375,8
severe,factorial_interaction,0.18750000000000003,0.16250000000000003,0.20000000000000007,8
