stress,condition,task,diagnostic_accuracy,coverage,selective_accuracy,normal_false_positive_rate,correct_abstention
clean,full_cross,alarm,1.0,0.75,1.0,0.0,1.0
clean,full_cross,daily_output,0.9583333333333334,0.75,0.9583333333333334,0.125,1.0
clean,full_cross,pv_trend,0.96875,1.0,0.96875,0.0,
clean,full_inverter,alarm,0.6666666666666666,0.5,1.0,0.0,1.0
clean,full_inverter,daily_output,0.2916666666666667,0.21875,1.0,0.0,1.0
clean,full_inverter,pv_trend,0.625,1.0,0.625,0.375,
clean,recent_cross,alarm,1.0,0.75,1.0,0.0,1.0
clean,recent_cross,daily_output,0.3333333333333333,0.25,1.0,0.0,1.0
clean,recent_cross,pv_trend,0.0,0.0,,0.0,
clean,recent_inverter,alarm,0.6666666666666666,0.5,1.0,0.0,1.0
clean,recent_inverter,daily_output,0.0,0.0,,0.0,1.0
clean,recent_inverter,pv_trend,0.0,0.0,,0.0,
moderate,full_cross,alarm,1.0,0.75,1.0,0.0,1.0
moderate,full_cross,daily_output,0.9583333333333334,0.75,0.9583333333333334,0.125,1.0
moderate,full_cross,pv_trend,0.96875,1.0,0.96875,0.0,
moderate,full_inverter,alarm,0.6666666666666666,0.5,1.0,0.0,1.0
moderate,full_inverter,daily_output,0.25,0.1875,1.0,0.0,1.0
moderate,full_inverter,pv_trend,0.65625,1.0,0.65625,0.3333333333333333,
moderate,recent_cross,alarm,1.0,0.75,1.0,0.0,1.0
moderate,recent_cross,daily_output,0.3333333333333333,0.25,1.0,0.0,1.0
moderate,recent_cross,pv_trend,0.0,0.0,,0.0,
moderate,recent_inverter,alarm,0.6666666666666666,0.5,1.0,0.0,1.0
moderate,recent_inverter,daily_output,0.0,0.0,,0.0,1.0
moderate,recent_inverter,pv_trend,0.0,0.0,,0.0,
severe,full_cross,alarm,0.9583333333333334,0.71875,1.0,0.0,1.0
severe,full_cross,daily_output,0.6666666666666666,0.53125,0.9411764705882353,0.125,1.0
severe,full_cross,pv_trend,0.96875,1.0,0.96875,0.0,
severe,full_inverter,alarm,0.6666666666666666,0.5,1.0,0.0,1.0
severe,full_inverter,daily_output,0.25,0.1875,1.0,0.0,1.0
severe,full_inverter,pv_trend,0.65625,1.0,0.65625,0.3333333333333333,
severe,recent_cross,alarm,0.9583333333333334,0.71875,1.0,0.0,1.0
severe,recent_cross,daily_output,0.20833333333333334,0.15625,1.0,0.0,1.0
severe,recent_cross,pv_trend,0.0,0.0,,0.0,
severe,recent_inverter,alarm,0.6666666666666666,0.5,1.0,0.0,1.0
severe,recent_inverter,daily_output,0.0,0.0,,0.0,1.0
severe,recent_inverter,pv_trend,0.0,0.0,,0.0,
